Ticker,Date,Open,High,Low,Close,Volume
GOOG,25-Sep-15,629.77,629.77,611.00,611.97,2174009
GOOG,24-Sep-15,616.64,627.32,612.40,625.80,2240098
GOOG,23-Sep-15,622.05,628.93,620.00,622.36,1470949
GOOG,22-Sep-15,627.00,627.55,615.43,622.69,2562869
GOOG,21-Sep-15,634.40,636.49,625.94,635.44,1788506
GOOG,18-Sep-15,636.79,640.00,627.02,629.25,5133386
GOOG,17-Sep-15,637.79,650.90,635.02,642.90,2274690
GOOG,16-Sep-15,635.47,637.95,632.32,635.98,1286454
GOOG,15-Sep-15,626.70,638.70,623.78,635.14,2084397
GOOG,14-Sep-15,625.70,625.86,619.43,623.24,1702271
GOOG,11-Sep-15,619.75,625.78,617.42,625.77,1373545
GOOG,10-Sep-15,613.10,624.16,611.43,621.35,1900526
GOOG,9-Sep-15,621.22,626.52,609.60,612.72,1702094
GOOG,8-Sep-15,612.49,616.31,604.12,614.66,2279538
GOOG,4-Sep-15,600.00,603.47,595.25,600.70,2089453
GOOG,3-Sep-15,617.00,619.71,602.82,606.25,1759572
GOOG,2-Sep-15,605.59,614.34,599.71,614.34,2575620
GOOG,1-Sep-15,602.36,612.86,594.10,597.79,3702105
GOOG,31-Aug-15,627.54,635.80,617.68,618.25,2176737
GOOG,28-Aug-15,632.82,636.88,624.56,630.38,1978733
GOOG,27-Aug-15,639.40,643.59,622.00,637.61,3491336
GOOG,26-Aug-15,610.35,631.71,599.05,628.62,4235891
GOOG,25-Aug-15,614.91,617.45,581.11,582.06,3537966
GOOG,24-Aug-15,573.00,614.00,565.05,589.61,5770302
GOOG,21-Aug-15,639.78,640.05,612.33,612.48,4265183
GOOG,20-Aug-15,655.46,662.99,642.90,646.83,2855299
GOOG,19-Aug-15,656.60,667.00,654.19,660.90,2134098
GOOG,18-Aug-15,661.90,664.00,653.46,656.13,1456059
GOOG,17-Aug-15,656.80,661.38,651.24,660.87,1051699
GOOG,14-Aug-15,655.01,659.86,652.66,657.12,1072061
GOOG,13-Aug-15,659.32,664.50,651.66,656.45,1810749
GOOG,12-Aug-15,663.08,665.00,652.29,659.56,2940803
GOOG,11-Aug-15,669.20,674.90,654.27,660.78,5029203
GOOG,10-Aug-15,639.48,643.44,631.25,633.73,1809205
GOOG,7-Aug-15,640.23,642.68,629.71,635.30,1403865
GOOG,6-Aug-15,645.00,645.38,632.25,642.68,1572600
GOOG,5-Aug-15,634.33,647.86,633.16,643.78,2334266
GOOG,4-Aug-15,628.42,634.81,627.16,629.25,1490881
GOOG,3-Aug-15,625.34,633.06,625.34,631.21,1304511
GOOG,31-Jul-15,631.38,632.91,625.50,625.61,1706149
GOOG,30-Jul-15,630.00,635.22,622.05,632.59,1474203
GOOG,29-Jul-15,628.80,633.36,622.65,631.93,1575069
GOOG,28-Jul-15,632.83,632.83,623.31,628.00,1727327
GOOG,27-Jul-15,621.00,634.30,620.50,627.26,2675381
GOOG,24-Jul-15,647.00,648.17,622.52,623.56,3625747
GOOG,23-Jul-15,661.27,663.63,641.00,644.28,3029109
GOOG,22-Jul-15,660.89,678.64,659.00,662.10,3929309
GOOG,21-Jul-15,655.21,673.00,654.30,662.30,3377196
GOOG,20-Jul-15,659.24,668.88,653.01,663.02,5860872
GOOG,17-Jul-15,649.00,674.47,645.00,672.93,11164943
GOOG,16-Jul-15,565.12,580.68,565.00,579.85,4768318
GOOG,15-Jul-15,560.13,566.50,556.79,560.22,1784554
GOOG,14-Jul-15,546.76,565.85,546.71,561.10,3244066
GOOG,13-Jul-15,532.88,547.11,532.40,546.55,2206475
GOOG,10-Jul-15,526.29,532.56,525.55,530.13,1956682
GOOG,9-Jul-15,523.12,523.77,520.35,520.68,1842347
GOOG,8-Jul-15,521.05,522.73,516.11,516.83,1296699
GOOG,7-Jul-15,523.13,526.18,515.18,525.02,1597229
GOOG,6-Jul-15,519.50,525.25,519.00,522.86,1280525
GOOG,2-Jul-15,521.08,524.65,521.08,523.40,1235903
GOOG,1-Jul-15,524.73,525.69,518.23,521.84,1961354
GOOG,30-Jun-15,526.02,526.25,520.50,520.51,2235595
GOOG,29-Jun-15,525.01,528.61,520.54,521.52,1937821
GOOG,26-Jun-15,537.26,537.76,531.35,531.69,2109130
GOOG,25-Jun-15,538.87,540.90,535.23,535.23,1335697
GOOG,24-Jun-15,540.00,540.00,535.66,537.84,1286608
GOOG,23-Jun-15,539.64,541.50,535.25,540.48,1197450
GOOG,22-Jun-15,539.59,543.74,537.53,538.19,1250282
GOOG,19-Jun-15,537.21,538.25,533.01,536.69,1893497
GOOG,18-Jun-15,531.00,538.15,530.79,536.73,1833109
GOOG,17-Jun-15,529.37,530.98,525.10,529.26,1294216
GOOG,16-Jun-15,528.40,529.64,525.56,528.15,1071814
GOOG,15-Jun-15,528.00,528.30,524.00,527.20,1632702
GOOG,12-Jun-15,531.60,533.12,530.16,532.33,955789
GOOG,11-Jun-15,538.42,538.98,533.02,534.61,1217536
GOOG,10-Jun-15,529.36,538.36,529.35,536.69,1814958
GOOG,9-Jun-15,527.56,529.20,523.01,526.69,1455266
GOOG,8-Jun-15,533.31,534.12,526.24,526.83,1524139
GOOG,5-Jun-15,536.35,537.20,532.52,533.33,1388220
GOOG,4-Jun-15,537.76,540.59,534.32,536.70,1348337
GOOG,3-Jun-15,539.91,543.50,537.11,540.31,1717036
GOOG,2-Jun-15,532.93,543.00,531.33,539.18,1938989
GOOG,1-Jun-15,536.79,536.79,529.76,533.99,1904332
GOOG,29-May-15,537.37,538.63,531.45,532.11,2597407
GOOG,28-May-15,538.01,540.61,536.25,539.78,1029849
GOOG,27-May-15,532.80,540.55,531.71,539.79,1525019
GOOG,26-May-15,538.12,539.00,529.88,532.32,2406512
GOOG,22-May-15,540.15,544.19,539.51,540.11,1176214
GOOG,21-May-15,537.95,543.84,535.98,542.51,1462695
GOOG,20-May-15,538.49,542.92,532.97,539.27,1430826
GOOG,19-May-15,533.98,540.66,533.04,537.36,1966947
GOOG,18-May-15,532.01,534.82,528.85,532.30,2003421
GOOG,15-May-15,539.18,539.27,530.38,533.85,1971343
GOOG,14-May-15,533.77,539.00,532.41,538.40,1403935
GOOG,13-May-15,530.56,534.32,528.66,529.62,1253063
GOOG,12-May-15,531.60,533.21,525.26,529.04,1634174
GOOG,11-May-15,538.37,541.98,535.40,535.70,905285
GOOG,8-May-15,536.65,541.15,536.00,538.22,1527615
GOOG,7-May-15,523.99,533.46,521.75,530.70,1546278
GOOG,6-May-15,531.24,532.38,521.08,524.22,1566987
GOOG,5-May-15,538.21,539.74,530.39,530.80,1383068
GOOG,4-May-15,538.53,544.07,535.06,540.78,1307960
GOOG,1-May-15,538.43,539.54,532.10,537.90,1768181
GOOG,30-Apr-15,547.87,548.59,535.05,537.34,2082214
GOOG,29-Apr-15,550.47,553.68,546.90,549.08,1698761
GOOG,28-Apr-15,554.64,556.02,550.37,553.68,1490983
GOOG,27-Apr-15,563.39,565.95,553.20,555.37,2398039
GOOG,24-Apr-15,566.10,571.14,557.25,565.06,4919031
GOOG,23-Apr-15,541.00,550.96,540.23,547.00,4173376
GOOG,22-Apr-15,534.40,541.08,531.75,539.36,1589248
GOOG,21-Apr-15,537.51,539.39,533.68,533.97,1839668
GOOG,20-Apr-15,525.60,536.09,524.50,535.38,1675487
GOOG,17-Apr-15,528.66,529.84,521.01,524.05,2145955
GOOG,16-Apr-15,529.90,535.59,529.61,533.80,1296304
GOOG,15-Apr-15,528.70,534.73,523.22,532.53,2312512
GOOG,14-Apr-15,536.25,537.57,528.09,530.39,2597043
GOOG,13-Apr-15,538.41,544.06,537.31,539.17,1640809
GOOG,10-Apr-15,542.29,542.29,537.31,540.01,1405574
GOOG,9-Apr-15,541.03,541.95,535.49,540.78,1553586
GOOG,8-Apr-15,538.38,543.85,538.38,541.61,1175332
GOOG,7-Apr-15,538.08,542.69,536.00,537.02,1299298
GOOG,6-Apr-15,532.22,538.41,529.57,536.76,1320767
GOOG,2-Apr-15,540.85,540.85,533.85,535.53,1711737
GOOG,1-Apr-15,548.60,551.14,539.50,542.56,1957718
GOOG,31-Mar-15,550.00,554.71,546.72,548.00,1583677
GOOG,30-Mar-15,551.62,553.47,548.17,552.03,1283958
GOOG,27-Mar-15,553.00,555.28,548.13,548.34,1892323
GOOG,26-Mar-15,557.59,558.90,550.65,555.17,1568331
GOOG,25-Mar-15,570.50,572.26,558.74,558.78,2146384
GOOG,24-Mar-15,562.56,574.59,561.21,570.19,2576234
GOOG,23-Mar-15,560.43,562.36,555.83,558.81,1639306
GOOG,20-Mar-15,561.65,561.72,559.05,560.36,2609690
GOOG,19-Mar-15,559.39,560.80,556.14,557.99,1194049
GOOG,18-Mar-15,552.50,559.78,547.00,559.50,2128714
GOOG,17-Mar-15,551.71,553.80,548.00,550.84,1800570
GOOG,16-Mar-15,550.95,556.85,546.00,554.51,1636493
GOOG,13-Mar-15,553.50,558.40,544.22,547.32,1698872
GOOG,12-Mar-15,553.51,556.37,550.46,555.51,1385772
GOOG,11-Mar-15,555.14,558.14,550.68,551.18,1815763
GOOG,10-Mar-15,564.25,564.85,554.73,555.01,1787357
GOOG,9-Mar-15,566.86,570.27,563.54,568.85,1059336
GOOG,6-Mar-15,574.88,576.68,566.76,567.68,1654561
GOOG,5-Mar-15,575.02,577.91,573.41,575.33,1385818
GOOG,4-Mar-15,571.87,577.11,568.01,573.37,1871694
GOOG,3-Mar-15,570.45,575.39,566.52,573.64,1700084
GOOG,2-Mar-15,560.53,572.15,558.75,571.34,2123796
GOOG,27-Feb-15,554.24,564.71,552.90,558.40,2403553
GOOG,26-Feb-15,543.21,556.14,541.50,555.48,2305219
GOOG,25-Feb-15,535.90,546.22,535.44,543.87,1821041
GOOG,24-Feb-15,530.00,536.79,528.25,536.09,1002393
GOOG,23-Feb-15,536.05,536.44,529.41,531.91,1453907
GOOG,20-Feb-15,543.13,543.75,535.80,538.95,1441212
GOOG,19-Feb-15,538.04,543.11,538.01,542.87,987478
GOOG,18-Feb-15,541.40,545.49,537.51,539.70,1449089
GOOG,17-Feb-15,546.83,550.00,541.09,542.84,1612439
GOOG,13-Feb-15,543.35,549.91,543.13,549.01,1895126
GOOG,12-Feb-15,537.25,544.82,534.67,542.93,1615824
GOOG,11-Feb-15,535.30,538.45,533.38,535.97,1373970
GOOG,10-Feb-15,529.30,537.70,526.92,536.94,1745076
GOOG,9-Feb-15,528.00,532.00,526.02,527.83,1264276
GOOG,6-Feb-15,527.64,537.20,526.41,531.00,1758650
GOOG,5-Feb-15,523.79,528.50,522.09,527.58,1844687
GOOG,4-Feb-15,529.24,532.67,521.27,522.76,1659125
GOOG,3-Feb-15,528.00,533.40,523.26,529.24,2033085
GOOG,2-Feb-15,531.73,533.00,518.55,528.48,2841976
GOOG,30-Jan-15,515.86,539.87,515.52,534.52,5590977
GOOG,29-Jan-15,511.00,511.09,501.20,510.66,4174924
GOOG,28-Jan-15,522.78,522.99,510.00,510.00,1679230
GOOG,27-Jan-15,529.97,530.70,518.19,518.63,1898844
GOOG,26-Jan-15,538.53,539.00,529.67,535.21,1539524
GOOG,23-Jan-15,535.59,542.17,533.00,539.95,2275485
GOOG,22-Jan-15,521.48,536.33,519.70,534.39,2669558
GOOG,21-Jan-15,507.25,519.28,506.20,518.04,2262455
GOOG,20-Jan-15,511.00,512.50,506.02,506.90,2225922
GOOG,16-Jan-15,500.01,508.19,500.00,508.08,2292043
GOOG,15-Jan-15,505.57,505.68,497.76,501.79,2711355
GOOG,14-Jan-15,494.65,503.23,493.00,500.87,2229638
GOOG,13-Jan-15,498.84,502.98,492.39,496.18,2365687
GOOG,12-Jan-15,494.94,495.98,487.56,492.55,2320446
GOOG,9-Jan-15,504.76,504.92,494.79,496.17,2065715
GOOG,8-Jan-15,497.99,503.48,491.00,502.68,3344395
GOOG,7-Jan-15,507.00,507.24,499.65,501.10,2059366
GOOG,6-Jan-15,515.00,516.18,501.05,501.96,2891950
GOOG,5-Jan-15,523.26,524.33,513.06,513.87,2054238
GOOG,2-Jan-15,529.01,531.27,524.10,524.81,1446662
GOOG,31-Dec-14,531.25,532.60,525.80,526.40,1371819
GOOG,30-Dec-14,528.09,531.15,527.13,530.42,873923
GOOG,29-Dec-14,532.19,535.48,530.01,530.33,2276104
GOOG,26-Dec-14,528.77,534.25,527.31,534.03,1037727
GOOG,24-Dec-14,530.51,531.76,527.02,528.77,704035
GOOG,23-Dec-14,527.00,534.56,526.29,530.59,2191567
GOOG,22-Dec-14,516.08,526.46,516.08,524.87,2723599
GOOG,19-Dec-14,511.51,517.72,506.91,516.35,3680148
GOOG,18-Dec-14,512.95,513.87,504.70,511.10,2918730
GOOG,17-Dec-14,497.00,507.00,496.81,504.89,2875281
GOOG,16-Dec-14,511.56,513.05,489.00,495.39,3953371
GOOG,15-Dec-14,522.74,523.10,513.27,513.80,2812786
GOOG,12-Dec-14,523.51,528.50,518.66,518.66,1989117
GOOG,11-Dec-14,527.80,533.92,527.10,528.34,1610964
GOOG,10-Dec-14,533.08,536.33,525.56,526.06,1716835
GOOG,9-Dec-14,522.14,534.19,520.50,533.37,1871268
GOOG,8-Dec-14,527.13,531.00,523.79,526.98,2327127
GOOG,5-Dec-14,531.00,532.89,524.28,525.26,2558649
GOOG,4-Dec-14,531.16,537.34,528.59,537.31,1392208
GOOG,3-Dec-14,531.44,536.00,529.26,531.32,1279288
GOOG,2-Dec-14,533.51,535.50,529.80,533.75,1522481
GOOG,1-Dec-14,538.90,541.41,531.86,533.80,2109599
GOOG,28-Nov-14,540.62,542.00,536.60,541.83,1145231
GOOG,26-Nov-14,540.88,541.55,537.04,540.37,1519503
GOOG,25-Nov-14,539.00,543.98,538.60,541.08,1784967
GOOG,24-Nov-14,537.65,542.70,535.62,539.27,1701682
GOOG,21-Nov-14,541.61,542.14,536.56,537.50,2218249
GOOG,20-Nov-14,531.25,535.11,531.08,534.83,1559131
GOOG,19-Nov-14,535.00,538.24,530.08,536.99,1388440
GOOG,18-Nov-14,537.50,541.94,534.17,535.03,1957664
GOOG,17-Nov-14,543.58,543.79,534.06,536.51,1721282
GOOG,14-Nov-14,546.68,546.68,542.15,544.40,1285991
GOOG,13-Nov-14,549.80,549.80,543.48,545.38,1335719
GOOG,12-Nov-14,550.39,550.46,545.17,547.31,1126594
GOOG,11-Nov-14,548.49,551.94,546.30,550.29,964866
GOOG,10-Nov-14,541.46,549.59,541.02,547.49,1131546
GOOG,7-Nov-14,546.21,546.21,538.67,541.01,1629259
GOOG,6-Nov-14,545.50,546.88,540.97,542.04,1329604
GOOG,5-Nov-14,556.80,556.80,544.05,545.92,2026740
GOOG,4-Nov-14,553.00,555.50,549.30,554.11,1240761
GOOG,3-Nov-14,555.50,557.90,553.23,555.22,1378511
GOOG,31-Oct-14,559.35,559.57,554.75,559.08,2032887
GOOG,30-Oct-14,548.95,552.80,543.51,550.31,1451667
GOOG,29-Oct-14,550.00,554.19,546.98,549.33,1767107
GOOG,28-Oct-14,543.00,548.98,541.62,548.90,1273372
GOOG,27-Oct-14,537.03,544.41,537.03,540.77,1184973
GOOG,24-Oct-14,544.36,544.88,535.79,539.78,1972047
GOOG,23-Oct-14,539.32,547.22,535.85,543.98,2345296
GOOG,22-Oct-14,529.89,539.80,528.80,532.71,2917183
GOOG,21-Oct-14,525.19,526.79,519.11,526.54,2332531
GOOG,20-Oct-14,509.45,521.76,508.10,520.84,2605505
GOOG,17-Oct-14,527.25,530.98,508.53,511.17,5530674
GOOG,16-Oct-14,519.00,529.43,515.00,524.51,3698423
GOOG,15-Oct-14,531.01,532.80,518.30,530.03,3712536
GOOG,14-Oct-14,538.90,547.19,533.17,537.94,2217230
GOOG,13-Oct-14,544.99,549.50,533.10,533.21,2578676
GOOG,10-Oct-14,557.72,565.13,544.05,544.49,3078634
GOOG,9-Oct-14,571.18,571.49,559.06,560.88,2519693
GOOG,8-Oct-14,565.57,573.88,557.49,572.50,1987888
GOOG,7-Oct-14,574.40,575.27,563.74,563.74,1906427
GOOG,6-Oct-14,578.80,581.00,574.44,577.35,1211320
GOOG,3-Oct-14,573.05,577.22,572.50,575.28,1138636
GOOG,2-Oct-14,567.31,571.91,563.32,570.08,1175307
GOOG,1-Oct-14,576.01,577.58,567.01,568.27,1445027
GOOG,30-Sep-14,576.93,579.85,572.85,577.36,1618437
GOOG,29-Sep-14,571.75,578.19,571.17,576.36,1281204
AAPL,25-Sep-15,116.44,116.69,114.02,114.71,56151926
AAPL,24-Sep-15,113.25,115.50,112.37,115.00,50219475
AAPL,23-Sep-15,113.63,114.72,113.30,114.32,35756716
AAPL,22-Sep-15,113.38,114.18,112.52,113.40,50346159
AAPL,21-Sep-15,113.67,115.37,113.66,115.21,50221965
AAPL,18-Sep-15,112.21,114.30,111.87,113.45,74285291
AAPL,17-Sep-15,115.66,116.49,113.72,113.92,64112641
AAPL,16-Sep-15,116.25,116.54,115.44,116.41,37173489
AAPL,15-Sep-15,115.93,116.53,114.42,116.28,43341155
AAPL,14-Sep-15,116.58,116.89,114.86,115.31,58363431
AAPL,11-Sep-15,111.79,114.21,111.76,114.21,49915473
AAPL,10-Sep-15,110.27,113.28,109.90,112.57,62675234
AAPL,9-Sep-15,113.76,114.02,109.77,110.15,85010804
AAPL,8-Sep-15,111.75,112.56,110.32,112.31,54843626
AAPL,4-Sep-15,108.97,110.45,108.51,109.27,49996311
AAPL,3-Sep-15,112.49,112.78,110.04,110.37,53233940
AAPL,2-Sep-15,110.23,112.34,109.13,112.34,61888812
AAPL,1-Sep-15,110.15,111.88,107.36,107.72,76845860
AAPL,31-Aug-15,112.03,114.53,112.00,112.76,56229271
AAPL,28-Aug-15,112.17,113.31,111.54,113.29,53164407
AAPL,27-Aug-15,112.23,113.24,110.02,112.92,84616056
AAPL,26-Aug-15,107.08,109.89,105.05,109.69,96774611
AAPL,25-Aug-15,111.11,111.11,103.50,103.74,103601599
AAPL,24-Aug-15,94.87,108.80,92.00,103.12,162206292
AAPL,21-Aug-15,110.43,111.90,105.64,105.76,128275471
AAPL,20-Aug-15,114.08,114.35,111.63,112.65,68501622
AAPL,19-Aug-15,116.10,116.52,114.68,115.01,48286510
AAPL,18-Aug-15,116.43,117.44,116.01,116.50,34560708
AAPL,17-Aug-15,116.04,117.65,115.50,117.16,40884745
AAPL,14-Aug-15,114.32,116.31,114.01,115.96,42929516
AAPL,13-Aug-15,116.04,116.40,114.54,115.15,48535789
AAPL,12-Aug-15,112.53,115.42,109.63,115.24,101685610
AAPL,11-Aug-15,117.81,118.18,113.33,113.49,97082814
AAPL,10-Aug-15,116.53,119.99,116.53,119.72,54951597
AAPL,7-Aug-15,114.58,116.25,114.50,115.52,38670405
AAPL,6-Aug-15,115.97,116.50,114.12,115.13,52903040
AAPL,5-Aug-15,112.95,117.44,112.10,115.40,99312613
AAPL,4-Aug-15,117.42,117.70,113.25,114.64,124138623
AAPL,3-Aug-15,121.50,122.57,117.52,118.44,69975968
AAPL,31-Jul-15,122.60,122.64,120.91,121.30,42884953
AAPL,30-Jul-15,122.32,122.57,121.71,122.37,33628268
AAPL,29-Jul-15,123.15,123.50,122.27,122.99,37011653
AAPL,28-Jul-15,123.38,123.91,122.55,123.38,33618097
AAPL,27-Jul-15,123.09,123.61,122.12,122.77,44455540
AAPL,24-Jul-15,125.32,125.74,123.90,124.50,42162332
AAPL,23-Jul-15,126.20,127.09,125.06,125.16,50999452
AAPL,22-Jul-15,121.99,125.50,121.99,125.22,115450607
AAPL,21-Jul-15,132.85,132.92,130.32,130.75,76756427
AAPL,20-Jul-15,130.97,132.97,130.70,132.07,58900203
AAPL,17-Jul-15,129.08,129.62,128.31,129.62,46164710
AAPL,16-Jul-15,127.74,128.57,127.35,128.51,36222447
AAPL,15-Jul-15,125.72,127.15,125.58,126.82,33649200
AAPL,14-Jul-15,126.04,126.37,125.04,125.61,31768139
AAPL,13-Jul-15,125.03,125.76,124.32,125.66,41440538
AAPL,10-Jul-15,121.94,123.85,121.21,123.28,61354474
AAPL,9-Jul-15,123.85,124.06,119.22,120.07,78595038
AAPL,8-Jul-15,124.48,124.64,122.54,122.57,60761614
AAPL,7-Jul-15,125.89,126.15,123.77,125.69,46946811
AAPL,6-Jul-15,124.94,126.23,124.85,126.00,28060431
AAPL,2-Jul-15,126.43,126.69,125.77,126.44,27210952
AAPL,1-Jul-15,126.90,126.94,125.99,126.60,30238811
AAPL,30-Jun-15,125.57,126.12,124.86,125.42,44370682
AAPL,29-Jun-15,125.46,126.47,124.48,124.53,49161427
AAPL,26-Jun-15,127.67,127.99,126.51,126.75,44066841
AAPL,25-Jun-15,128.86,129.20,127.50,127.50,31938100
AAPL,24-Jun-15,127.21,129.80,127.12,128.11,55280855
AAPL,23-Jun-15,127.48,127.61,126.88,127.03,30268863
AAPL,22-Jun-15,127.49,128.06,127.08,127.61,34039345
AAPL,19-Jun-15,127.71,127.82,126.40,126.60,54716887
AAPL,18-Jun-15,127.23,128.31,127.22,127.88,35407220
AAPL,17-Jun-15,127.72,127.88,126.74,127.30,32918071
AAPL,16-Jun-15,127.03,127.85,126.37,127.60,31494131
AAPL,15-Jun-15,126.10,127.24,125.71,126.92,43988946
AAPL,12-Jun-15,128.18,128.33,127.11,127.17,36886246
AAPL,11-Jun-15,129.18,130.18,128.48,128.59,35390887
AAPL,10-Jun-15,127.92,129.34,127.85,128.88,39087250
AAPL,9-Jun-15,126.70,128.08,125.62,127.42,56075420
AAPL,8-Jun-15,128.90,129.21,126.83,127.80,52674786
AAPL,5-Jun-15,129.50,129.69,128.36,128.65,35626800
AAPL,4-Jun-15,129.58,130.58,128.91,129.36,38450118
AAPL,3-Jun-15,130.66,130.94,129.90,130.12,30983542
AAPL,2-Jun-15,129.86,130.66,129.32,129.96,33667627
AAPL,1-Jun-15,130.28,131.39,130.05,130.54,32112797
AAPL,29-May-15,131.23,131.45,129.90,130.28,50884452
AAPL,28-May-15,131.86,131.95,131.10,131.78,30733309
AAPL,27-May-15,130.34,132.26,130.05,132.04,45833246
AAPL,26-May-15,132.60,132.91,129.12,129.62,70697560
AAPL,22-May-15,131.60,132.97,131.40,132.54,45595972
AAPL,21-May-15,130.07,131.63,129.83,131.39,39730364
AAPL,20-May-15,130.00,130.98,129.34,130.06,36454932
AAPL,19-May-15,130.69,130.88,129.64,130.07,44633240
AAPL,18-May-15,128.38,130.72,128.36,130.19,50882918
AAPL,15-May-15,129.07,129.49,128.21,128.77,38208034
AAPL,14-May-15,127.41,128.95,127.16,128.95,45203456
AAPL,13-May-15,126.15,127.19,125.87,126.01,34694235
AAPL,12-May-15,125.60,126.88,124.82,125.86,48160032
AAPL,11-May-15,127.39,127.56,125.62,126.32,42035757
AAPL,8-May-15,126.68,127.62,126.11,127.62,55550382
AAPL,7-May-15,124.77,126.08,124.02,125.26,43940895
AAPL,6-May-15,126.56,126.75,123.36,125.01,72141010
AAPL,5-May-15,128.15,128.45,125.78,125.80,49271416
AAPL,4-May-15,129.50,130.57,128.26,128.70,50988278
AAPL,1-May-15,126.10,130.13,125.30,128.95,58512638
AAPL,30-Apr-15,128.64,127.88,124.58,125.15,83195423
AAPL,29-Apr-15,130.16,131.59,128.30,128.64,63386083
AAPL,28-Apr-15,134.46,134.54,129.57,130.56,118923970
AAPL,27-Apr-15,132.31,133.13,131.15,132.65,96954207
AAPL,24-Apr-15,130.49,130.63,129.23,130.28,44525905
AAPL,23-Apr-15,128.30,130.42,128.14,129.67,45770902
AAPL,22-Apr-15,126.99,128.87,126.32,128.62,37654505
AAPL,21-Apr-15,128.10,128.20,126.67,126.91,32435057
AAPL,20-Apr-15,125.57,128.12,125.17,127.60,47054310
AAPL,17-Apr-15,125.55,126.14,124.46,124.75,51957046
AAPL,16-Apr-15,126.28,127.10,126.11,126.17,28368987
AAPL,15-Apr-15,126.41,127.13,126.01,126.78,28970419
AAPL,14-Apr-15,127.00,127.29,125.91,126.30,25524593
AAPL,13-Apr-15,128.37,128.57,126.61,126.85,36365123
AAPL,10-Apr-15,125.95,127.21,125.26,127.10,40187953
AAPL,9-Apr-15,125.85,126.58,124.66,126.56,32483974
AAPL,8-Apr-15,125.85,126.40,124.97,125.60,37329243
AAPL,7-Apr-15,127.64,128.12,125.98,126.01,35012268
AAPL,6-Apr-15,124.47,127.51,124.33,127.35,37193975
AAPL,2-Apr-15,125.03,125.56,124.19,125.32,32220131
AAPL,1-Apr-15,124.82,125.12,123.10,124.25,40621437
AAPL,31-Mar-15,126.09,126.49,124.36,124.43,42090553
AAPL,30-Mar-15,124.05,126.40,124.00,126.37,47099670
AAPL,27-Mar-15,124.57,124.70,122.91,123.25,39546151
AAPL,26-Mar-15,122.76,124.88,122.60,124.24,47572869
AAPL,25-Mar-15,126.54,126.82,123.38,123.38,51655177
AAPL,24-Mar-15,127.23,128.04,126.56,126.69,32842304
AAPL,23-Mar-15,127.12,127.85,126.52,127.21,37709674
AAPL,20-Mar-15,128.25,128.40,125.16,125.90,68695136
AAPL,19-Mar-15,128.75,129.25,127.40,127.50,45809490
AAPL,18-Mar-15,127.00,129.16,126.37,128.47,65270945
AAPL,17-Mar-15,125.90,127.32,125.65,127.04,51023104
AAPL,16-Mar-15,123.88,124.95,122.87,124.95,35874300
AAPL,13-Mar-15,124.40,125.40,122.58,123.59,51827283
AAPL,12-Mar-15,122.31,124.90,121.63,124.45,48362719
AAPL,11-Mar-15,124.75,124.77,122.11,122.24,68938974
AAPL,10-Mar-15,126.41,127.22,123.80,124.51,68856582
AAPL,9-Mar-15,127.96,129.57,125.06,127.14,88528487
AAPL,6-Mar-15,128.40,129.37,126.26,126.60,72842060
AAPL,5-Mar-15,128.58,128.75,125.76,126.41,56517146
AAPL,4-Mar-15,129.10,129.56,128.32,128.54,31666340
AAPL,3-Mar-15,128.96,129.52,128.09,129.36,37816283
AAPL,2-Mar-15,129.25,130.28,128.30,129.09,48096663
AAPL,27-Feb-15,130.00,130.57,128.24,128.46,62014847
AAPL,26-Feb-15,128.78,130.87,126.61,130.42,91287529
AAPL,25-Feb-15,131.56,131.60,128.15,128.79,74711746
AAPL,24-Feb-15,132.94,133.60,131.17,132.17,69228130
AAPL,23-Feb-15,130.02,133.00,129.66,133.00,70974110
AAPL,20-Feb-15,128.62,129.50,128.05,129.50,48948419
AAPL,19-Feb-15,128.48,129.03,128.33,128.45,37362381
AAPL,18-Feb-15,127.62,128.78,127.45,128.72,44891737
AAPL,17-Feb-15,127.49,128.88,126.92,127.83,63152405
AAPL,13-Feb-15,127.28,127.28,125.65,127.08,54272219
AAPL,12-Feb-15,126.06,127.48,125.57,126.46,74474466
AAPL,11-Feb-15,122.77,124.92,122.50,124.88,73561797
AAPL,10-Feb-15,120.17,122.15,120.16,122.02,62008506
AAPL,9-Feb-15,118.55,119.84,118.43,119.72,38889797
AAPL,6-Feb-15,120.02,120.25,118.45,118.93,43706567
AAPL,5-Feb-15,120.02,120.23,119.25,119.94,42246245
AAPL,4-Feb-15,118.50,120.51,118.31,119.56,70149743
AAPL,3-Feb-15,118.50,119.09,117.61,118.65,51915749
AAPL,2-Feb-15,118.05,119.17,116.08,118.63,62739100
AAPL,30-Jan-15,118.40,120.00,116.85,117.16,83745461
AAPL,29-Jan-15,116.32,119.19,115.56,118.90,84436432
AAPL,28-Jan-15,117.62,118.12,115.31,115.31,146477063
AAPL,27-Jan-15,112.42,112.48,109.03,109.14,95568749
AAPL,26-Jan-15,113.74,114.36,112.80,113.10,55614979
AAPL,23-Jan-15,112.30,113.75,111.53,112.98,46464828
AAPL,22-Jan-15,110.26,112.47,109.72,112.40,53796409
AAPL,21-Jan-15,108.95,111.06,108.27,109.55,48575897
AAPL,20-Jan-15,107.84,108.97,106.50,108.72,49899907
AAPL,16-Jan-15,107.03,107.58,105.20,105.99,78513345
AAPL,15-Jan-15,110.00,110.06,106.66,106.82,60013996
AAPL,14-Jan-15,109.04,110.49,108.50,109.80,48956588
AAPL,13-Jan-15,111.43,112.80,108.91,110.22,67091928
AAPL,12-Jan-15,112.60,112.63,108.80,109.25,49650790
AAPL,9-Jan-15,112.67,113.25,110.21,112.01,53699527
AAPL,8-Jan-15,109.23,112.15,108.70,111.89,59364547
AAPL,7-Jan-15,107.20,108.20,106.70,107.75,40105934
AAPL,6-Jan-15,106.54,107.43,104.63,106.26,65797116
AAPL,5-Jan-15,108.29,108.65,105.41,106.25,64285491
AAPL,2-Jan-15,111.39,111.44,107.35,109.33,53204626
AAPL,31-Dec-14,112.82,113.13,110.21,110.38,41403351
AAPL,30-Dec-14,113.64,113.92,112.11,112.52,29881477
AAPL,29-Dec-14,113.79,114.77,113.70,113.91,27598920
AAPL,26-Dec-14,112.10,114.52,112.01,113.99,33720951
AAPL,24-Dec-14,112.58,112.71,112.01,112.01,14479611
AAPL,23-Dec-14,113.23,113.33,112.46,112.54,26028419
AAPL,22-Dec-14,112.16,113.49,111.97,112.94,45167549
AAPL,19-Dec-14,112.26,113.24,111.66,111.78,88429770
AAPL,18-Dec-14,111.87,112.65,110.66,112.65,59006218
AAPL,17-Dec-14,107.12,109.84,106.82,109.41,53411773
AAPL,16-Dec-14,106.37,110.16,106.26,106.74,60790733
AAPL,15-Dec-14,110.70,111.60,106.35,108.22,67218082
AAPL,12-Dec-14,110.46,111.87,109.58,109.73,56028138
AAPL,11-Dec-14,112.26,113.80,111.34,111.62,41471578
AAPL,10-Dec-14,114.41,114.85,111.54,111.95,44565318
AAPL,9-Dec-14,110.19,114.30,109.35,114.12,60208036
AAPL,8-Dec-14,114.10,114.65,111.62,112.40,57664850
AAPL,5-Dec-14,115.99,116.08,114.64,115.00,38318895
AAPL,4-Dec-14,115.77,117.20,115.29,115.49,42155776
AAPL,3-Dec-14,115.75,116.35,115.11,115.93,43063440
AAPL,2-Dec-14,113.50,115.75,112.75,114.63,59348940
AAPL,1-Dec-14,118.81,119.25,111.27,115.07,83814037
AAPL,28-Nov-14,119.27,119.40,118.05,118.93,24814402
AAPL,26-Nov-14,117.94,119.10,117.83,119.00,40831886
AAPL,25-Nov-14,119.07,119.75,117.45,117.60,68840440
AAPL,24-Nov-14,116.85,118.77,116.62,118.62,47450824
AAPL,21-Nov-14,117.51,117.57,116.03,116.47,57179298
AAPL,20-Nov-14,114.91,116.86,114.85,116.31,43395537
AAPL,19-Nov-14,115.44,115.74,113.80,114.67,41869160
AAPL,18-Nov-14,113.94,115.69,113.89,115.47,44223978
AAPL,17-Nov-14,114.27,117.28,113.30,113.99,46746712
AAPL,14-Nov-14,113.15,114.19,113.05,114.18,44063595
AAPL,13-Nov-14,111.80,113.45,111.60,112.82,59522855
AAPL,12-Nov-14,109.38,111.43,109.37,111.25,46942431
AAPL,11-Nov-14,108.70,109.75,108.40,109.70,27442252
AAPL,10-Nov-14,109.02,109.33,108.67,108.83,27195547
AAPL,7-Nov-14,108.75,109.32,108.55,109.01,33691535
AAPL,6-Nov-14,108.60,108.79,107.80,108.70,34968457
AAPL,5-Nov-14,109.10,109.30,108.12,108.86,37435905
AAPL,4-Nov-14,109.36,109.49,107.72,108.60,41574365
AAPL,3-Nov-14,108.22,110.30,108.01,109.40,52282550
AAPL,31-Oct-14,108.01,108.04,107.21,108.00,44639285
AAPL,30-Oct-14,106.96,107.35,105.90,106.98,40654793
AAPL,29-Oct-14,106.65,107.37,106.36,107.34,52687879
AAPL,28-Oct-14,105.40,106.74,105.35,106.74,48060949
AAPL,27-Oct-14,104.85,105.48,104.70,105.11,34187701
AAPL,24-Oct-14,105.18,105.49,104.53,105.22,47053916
AAPL,23-Oct-14,104.08,105.05,103.63,104.83,71074674
AAPL,22-Oct-14,102.84,104.11,102.60,102.99,68263146
AAPL,21-Oct-14,103.02,103.02,101.27,102.47,94623904
AAPL,20-Oct-14,98.32,99.96,98.22,99.76,77517279
AAPL,17-Oct-14,97.50,99.00,96.81,97.67,68179688
AAPL,16-Oct-14,95.55,97.72,95.41,96.26,72154523
AAPL,15-Oct-14,97.97,99.15,95.18,97.54,100933600
AAPL,14-Oct-14,100.39,100.52,98.57,98.75,63688562
AAPL,13-Oct-14,101.33,101.78,99.81,99.81,53583368
AAPL,10-Oct-14,100.69,102.03,100.30,100.73,66331592
AAPL,9-Oct-14,101.54,102.38,100.61,101.02,77376525
AAPL,8-Oct-14,98.76,101.11,98.31,100.80,57404674
AAPL,7-Oct-14,99.43,100.12,98.73,98.75,42094183
AAPL,6-Oct-14,99.95,100.65,99.42,99.62,37051182
AAPL,3-Oct-14,99.44,100.21,99.04,99.62,43469585
AAPL,2-Oct-14,99.27,100.22,98.04,99.90,47757828
AAPL,1-Oct-14,100.59,100.69,98.70,99.18,51491286
AAPL,30-Sep-14,100.81,101.54,100.53,100.75,55264139
AAPL,29-Sep-14,98.65,100.44,98.63,100.11,49766312
FB,25-Sep-15,95.79,95.85,92.06,92.77,28961622
FB,24-Sep-15,93.06,94.76,92.24,94.41,29105964
FB,23-Sep-15,93.40,94.32,92.80,93.97,21701427
FB,22-Sep-15,93.77,94.68,91.92,92.96,36888893
FB,21-Sep-15,94.62,96.49,94.52,95.55,28789973
FB,18-Sep-15,93.20,95.19,93.05,94.40,62299984
FB,17-Sep-15,93.37,95.51,92.90,94.34,27841803
FB,16-Sep-15,92.90,93.60,92.63,93.45,16321193
FB,15-Sep-15,92.37,93.25,91.79,92.90,18859351
FB,14-Sep-15,92.31,92.62,91.60,92.31,20127871
FB,11-Sep-15,91.68,92.08,91.13,92.05,21185049
FB,10-Sep-15,90.07,92.06,89.63,91.98,26333820
FB,9-Sep-15,90.78,91.98,90.17,90.44,32551123
FB,8-Sep-15,89.69,90.24,88.83,89.53,27012543
FB,4-Sep-15,87.20,88.39,86.70,88.26,27328667
FB,3-Sep-15,89.76,89.82,87.73,88.15,27048198
FB,2-Sep-15,88.81,89.89,87.63,89.89,27190527
FB,1-Sep-15,86.85,89.39,86.50,87.23,36097370
FB,31-Aug-15,90.60,91.05,88.89,89.43,32850666
FB,28-Aug-15,89.88,91.48,89.79,91.01,33215885
FB,27-Aug-15,89.10,90.06,87.19,89.73,42431375
FB,26-Aug-15,85.95,87.46,83.26,87.19,45124302
FB,25-Aug-15,86.95,87.67,83.00,83.00,52021230
FB,24-Aug-15,77.03,87.14,72.00,82.09,83710727
FB,21-Aug-15,87.52,89.18,85.61,86.06,62778680
FB,20-Aug-15,93.54,94.77,90.46,90.56,44598224
FB,19-Aug-15,94.63,96.10,94.16,95.31,23251271
FB,18-Aug-15,94.08,95.85,94.04,95.17,22278848
FB,17-Aug-15,94.42,94.46,93.39,93.93,18313531
FB,14-Aug-15,93.54,94.72,93.21,94.42,15929656
FB,13-Aug-15,94.05,94.73,93.35,93.43,17390570
FB,12-Aug-15,92.70,94.44,91.19,94.19,27120375
FB,11-Aug-15,93.73,94.76,92.90,93.62,22491031
FB,10-Aug-15,95.68,95.90,93.63,94.15,21624153
FB,7-Aug-15,95.38,95.40,93.61,94.30,23199145
FB,6-Aug-15,97.18,98.74,94.42,95.12,42271318
FB,5-Aug-15,95.25,97.09,95.18,96.44,29813174
FB,4-Aug-15,93.79,94.73,93.33,94.06,20136036
FB,3-Aug-15,93.53,95.08,92.80,94.14,29343117
FB,31-Jul-15,94.95,96.33,93.95,94.01,46509045
FB,30-Jul-15,94.91,95.81,91.80,95.21,86211323
FB,29-Jul-15,96.32,97.28,94.74,96.99,64648320
FB,28-Jul-15,94.84,95.56,93.31,95.29,35235993
FB,27-Jul-15,96.58,96.61,93.83,94.17,38585381
FB,24-Jul-15,97.35,97.76,95.88,96.95,33444930
FB,23-Jul-15,96.96,97.45,94.81,95.44,29418833
FB,22-Jul-15,96.74,97.58,95.92,97.04,28299518
FB,21-Jul-15,98.95,99.24,97.14,98.39,39453332
FB,20-Jul-15,95.85,98.60,95.36,97.91,54860541
FB,17-Jul-15,92.55,95.39,92.54,94.97,54001635
FB,16-Jul-15,90.28,90.86,89.77,90.85,21804086
FB,15-Jul-15,90.00,90.99,89.42,89.76,30886601
FB,14-Jul-15,90.46,90.80,89.65,89.68,26627849
FB,13-Jul-15,88.66,90.22,88.42,90.10,29976670
FB,10-Jul-15,87.35,88.22,86.77,87.95,23245873
FB,9-Jul-15,86.73,87.60,85.65,85.88,23307402
FB,8-Jul-15,86.29,86.75,85.44,85.65,24399340
FB,7-Jul-15,87.80,87.85,85.23,87.22,33059921
FB,6-Jul-15,86.49,88.18,86.39,87.55,24635915
FB,2-Jul-15,87.40,87.44,86.34,87.28,16908781
FB,1-Jul-15,86.77,87.95,86.49,86.91,25260045
FB,30-Jun-15,86.60,86.70,85.57,85.76,23233183
FB,29-Jun-15,86.61,87.50,85.73,85.80,35957872
FB,26-Jun-15,88.12,88.34,86.83,88.01,38214647
FB,25-Jun-15,89.26,89.40,87.84,87.98,27301967
FB,24-Jun-15,87.66,89.25,87.45,88.86,41370227
FB,23-Jun-15,84.96,87.97,84.76,87.88,50667853
FB,22-Jun-15,83.41,84.97,83.31,84.74,29383079
FB,19-Jun-15,82.83,82.98,82.12,82.51,23353194
FB,18-Jun-15,81.64,83.19,81.57,82.90,26782573
FB,17-Jun-15,81.76,82.22,81.34,81.79,18350287
FB,16-Jun-15,80.82,81.51,80.45,81.06,13693666
FB,15-Jun-15,80.55,80.93,80.07,80.71,18805087
FB,12-Jun-15,81.37,82.09,81.20,81.53,11417882
FB,11-Jun-15,82.31,82.90,81.36,81.83,18656811
FB,10-Jun-15,80.83,82.60,80.81,82.16,21531208
FB,9-Jun-15,80.60,81.19,79.32,80.67,16497538
FB,8-Jun-15,81.82,82.00,80.13,80.67,16915471
FB,5-Jun-15,81.87,82.46,81.51,82.14,16143093
FB,4-Jun-15,82.14,82.95,81.51,82.05,20863877
FB,3-Jun-15,81.35,82.53,81.25,82.44,31774993
FB,2-Jun-15,79.76,81.35,79.56,80.44,18923300
FB,1-Jun-15,79.30,80.38,78.66,80.29,18119012
FB,29-May-15,79.95,80.07,78.88,79.19,16134580
FB,28-May-15,80.25,81.07,80.00,80.14,11982008
FB,27-May-15,79.60,80.66,79.43,80.55,14160865
FB,26-May-15,80.43,80.60,79.08,79.34,16321339
FB,22-May-15,80.35,81.31,80.25,80.54,19567937
FB,21-May-15,80.19,80.92,80.08,80.48,13402749
FB,20-May-15,80.47,81.10,79.46,80.55,23056899
FB,19-May-15,81.25,81.69,80.55,80.63,17955389
FB,18-May-15,80.33,81.38,80.23,80.88,21613674
FB,15-May-15,81.41,81.52,80.18,80.42,27069884
FB,14-May-15,78.94,81.84,78.67,81.37,49437996
FB,13-May-15,77.72,78.53,77.65,78.44,21512309
FB,12-May-15,77.87,77.89,76.79,77.46,21285310
FB,11-May-15,78.48,79.03,77.93,78.01,18874054
FB,8-May-15,79.10,79.23,78.03,78.51,19943595
FB,7-May-15,78.00,78.94,77.56,78.42,19749428
FB,6-May-15,77.97,78.81,77.05,78.10,28663026
FB,5-May-15,78.55,78.80,77.22,77.56,22311318
FB,4-May-15,79.33,79.69,78.63,78.81,14691991
FB,1-May-15,79.24,79.76,78.11,78.99,24136358
FB,30-Apr-15,80.01,80.96,78.32,78.77,28999005
FB,29-Apr-15,80.01,81.39,79.52,80.46,26430258
FB,28-Apr-15,81.83,81.90,80.23,80.68,23775344
FB,27-Apr-15,81.87,82.93,81.63,81.91,25446032
FB,24-Apr-15,82.77,82.94,81.48,81.53,29660356
FB,23-Apr-15,84.10,85.59,82.41,82.41,73728080
FB,22-Apr-15,84.32,84.74,83.65,84.63,45547963
FB,21-Apr-15,84.00,84.49,83.54,83.62,27171852
FB,20-Apr-15,81.54,83.15,81.24,83.09,28796761
FB,17-Apr-15,81.48,82.11,80.37,80.78,24214983
FB,16-Apr-15,82.47,83.07,82.15,82.31,13769687
FB,15-Apr-15,83.55,83.66,82.27,82.70,22390943
FB,14-Apr-15,83.17,83.69,82.44,83.52,19634173
FB,13-Apr-15,81.93,83.94,81.92,83.01,26883094
FB,10-Apr-15,82.21,82.61,81.91,82.04,12529738
FB,9-Apr-15,82.50,82.80,81.71,82.17,15927281
FB,8-Apr-15,82.63,83.10,81.84,82.28,18966732
FB,7-Apr-15,82.65,83.42,82.22,82.32,17467042
FB,6-Apr-15,80.80,82.81,80.80,82.44,19062934
FB,2-Apr-15,82.25,82.56,81.44,81.56,19664053
FB,1-Apr-15,82.50,82.72,80.87,81.66,22058167
FB,31-Mar-15,82.90,83.50,82.21,82.22,19734277
FB,30-Mar-15,83.81,84.34,82.41,83.20,24527686
FB,27-Mar-15,83.38,83.95,82.88,83.30,18372582
FB,26-Mar-15,82.72,83.77,82.14,83.01,32794800
FB,25-Mar-15,85.50,85.52,82.92,82.92,37436147
FB,24-Mar-15,84.71,86.07,84.52,85.31,32576522
FB,23-Mar-15,83.92,84.96,83.30,84.43,27357333
FB,20-Mar-15,83.39,84.60,83.07,83.80,44466323
FB,19-Mar-15,81.12,83.00,81.00,82.75,42099523
FB,18-Mar-15,79.25,81.24,79.17,80.91,36912446
FB,17-Mar-15,78.36,79.78,78.34,79.36,22169969
FB,16-Mar-15,77.96,78.12,77.36,78.07,19305406
FB,13-Mar-15,78.60,79.38,77.68,78.05,18557296
FB,12-Mar-15,78.10,79.05,77.91,78.93,16093319
FB,11-Mar-15,77.80,78.43,77.26,77.57,20215704
FB,10-Mar-15,78.50,79.26,77.55,77.55,23067057
FB,9-Mar-15,79.68,79.91,78.63,79.44,18925097
FB,6-Mar-15,80.90,81.33,79.83,80.00,24488581
FB,5-Mar-15,81.23,81.99,81.05,81.21,27825733
FB,4-Mar-15,79.30,81.15,78.85,80.90,28126686
FB,3-Mar-15,79.61,79.70,78.52,79.60,18634973
FB,2-Mar-15,79.00,79.86,78.52,79.75,21662537
FB,27-Feb-15,80.68,81.23,78.62,78.97,30739197
FB,26-Feb-15,79.88,81.37,79.72,80.41,31111891
FB,25-Feb-15,78.50,80.20,78.50,79.56,25593800
FB,24-Feb-15,78.50,79.48,78.10,78.45,18897133
FB,23-Feb-15,79.96,80.19,78.38,78.84,24139056
FB,20-Feb-15,79.55,80.34,79.20,79.90,36931698
FB,19-Feb-15,76.99,79.84,76.95,79.42,45851177
FB,18-Feb-15,75.94,76.90,75.45,76.71,22426421
FB,17-Feb-15,75.30,76.91,75.08,75.60,25254400
FB,13-Feb-15,76.46,76.48,75.50,75.74,18621860
FB,12-Feb-15,76.86,76.87,75.89,76.23,17234976
FB,11-Feb-15,75.09,76.75,75.03,76.51,20877427
FB,10-Feb-15,74.85,75.34,74.50,75.19,15811344
FB,9-Feb-15,74.05,74.83,73.45,74.44,16194322
FB,6-Feb-15,75.68,75.70,74.25,74.47,21210994
FB,5-Feb-15,75.71,75.98,75.21,75.62,15062573
FB,4-Feb-15,75.09,76.35,75.01,75.63,20277368
FB,3-Feb-15,75.19,75.58,73.86,75.40,26957714
FB,2-Feb-15,76.11,76.14,73.75,74.99,41955258
FB,30-Jan-15,78.00,78.16,75.75,75.91,42649491
FB,29-Jan-15,76.85,78.02,74.21,78.00,61293468
FB,28-Jan-15,76.90,77.64,76.00,76.24,53306422
FB,27-Jan-15,76.71,76.88,75.63,75.78,20109977
FB,26-Jan-15,77.98,78.47,77.29,77.50,19260820
FB,23-Jan-15,77.65,78.19,77.04,77.83,16746503
FB,22-Jan-15,77.17,77.75,76.68,77.65,19519458
FB,21-Jan-15,76.16,77.30,75.85,76.74,25096737
FB,20-Jan-15,75.72,76.31,74.82,76.24,22821614
FB,16-Jan-15,74.04,75.32,73.84,75.18,21791529
FB,15-Jan-15,76.40,76.57,73.54,74.05,34133974
FB,14-Jan-15,76.42,77.20,76.03,76.28,25918564
FB,13-Jan-15,77.23,78.08,75.85,76.45,25179561
FB,12-Jan-15,77.84,78.00,76.21,76.72,19190194
FB,9-Jan-15,78.20,78.62,77.20,77.74,21157007
FB,8-Jan-15,76.74,78.23,76.08,78.18,23960953
FB,7-Jan-15,76.76,77.36,75.82,76.15,22045333
FB,6-Jan-15,77.23,77.59,75.36,76.15,27399288
FB,5-Jan-15,77.98,79.25,76.86,77.19,26452191
FB,2-Jan-15,78.58,78.93,77.70,78.45,18177475
FB,31-Dec-14,79.54,79.80,77.86,78.02,20040439
FB,30-Dec-14,79.85,80.59,79.10,79.22,14370763
FB,29-Dec-14,80.49,80.96,79.71,80.02,14134666
FB,26-Dec-14,81.02,81.28,80.51,80.78,10647388
FB,24-Dec-14,81.03,81.43,80.75,80.77,7685481
FB,23-Dec-14,82.02,82.17,80.40,80.61,19865820
FB,22-Dec-14,80.08,81.89,80.00,81.45,31395770
FB,19-Dec-14,78.75,80.00,78.33,79.88,43334992
FB,18-Dec-14,76.89,78.40,76.51,78.40,34222081
FB,17-Dec-14,75.01,76.41,74.90,76.11,29203904
FB,16-Dec-14,76.19,77.39,74.59,74.69,31554593
FB,15-Dec-14,78.46,78.58,76.56,76.99,29396532
FB,12-Dec-14,77.16,78.88,77.02,77.83,28091617
FB,11-Dec-14,76.52,78.52,76.48,77.73,33492661
FB,10-Dec-14,76.65,77.55,76.07,76.18,32210532
FB,9-Dec-14,75.20,76.93,74.78,76.84,25358584
FB,8-Dec-14,76.18,77.25,75.40,76.52,25733853
FB,5-Dec-14,75.80,76.76,75.36,76.36,24306446
FB,4-Dec-14,74.83,75.55,74.66,75.24,14390520
FB,3-Dec-14,75.38,75.73,74.40,74.88,16689857
FB,2-Dec-14,75.33,75.91,75.04,75.46,16773884
FB,1-Dec-14,77.26,77.31,74.80,75.10,31789866
FB,28-Nov-14,77.67,78.27,77.23,77.70,15992035
FB,26-Nov-14,75.53,77.78,75.51,77.62,32721585
FB,25-Nov-14,74.21,75.74,74.13,75.63,32250205
FB,24-Nov-14,73.54,74.35,73.35,74.01,22103831
FB,21-Nov-14,74.50,74.50,73.50,73.75,23060382
FB,20-Nov-14,72.80,73.99,72.51,73.60,19154862
FB,19-Nov-14,74.01,74.54,73.11,73.33,25441163
FB,18-Nov-14,74.45,74.80,73.90,74.34,20696643
FB,17-Nov-14,74.88,75.66,73.88,74.24,28701191
FB,14-Nov-14,74.27,74.93,74.04,74.88,19476878
FB,13-Nov-14,74.74,75.24,73.64,74.25,26448451
FB,12-Nov-14,74.28,75.14,73.54,74.72,26536609
FB,11-Nov-14,74.95,74.98,74.03,74.61,18735123
FB,10-Nov-14,75.36,75.48,74.61,75.00,21575126
FB,7-Nov-14,75.39,75.86,75.02,75.60,20774381
FB,6-Nov-14,74.89,75.60,74.31,75.26,21383194
FB,5-Nov-14,76.51,76.80,74.42,74.83,35912588
FB,4-Nov-14,74.23,75.77,73.65,75.76,39326471
FB,3-Nov-14,75.47,75.52,73.70,73.88,40727330
FB,31-Oct-14,74.93,75.70,74.45,74.99,44544325
FB,30-Oct-14,75.05,75.35,72.90,74.11,83269554
FB,29-Oct-14,75.45,76.88,74.78,75.86,106119520
FB,28-Oct-14,80.18,81.16,79.57,80.77,74211768
FB,27-Oct-14,80.74,80.80,79.76,80.28,30168921
FB,24-Oct-14,80.20,80.82,79.32,80.67,32247520
FB,23-Oct-14,79.38,80.63,79.01,80.04,35055800
FB,22-Oct-14,78.82,79.85,78.01,78.37,41862393
FB,21-Oct-14,77.56,78.74,77.15,78.69,32252403
FB,20-Oct-14,75.60,77.09,75.38,76.95,34701260
FB,17-Oct-14,74.23,76.00,73.75,75.95,76341638
FB,16-Oct-14,70.79,73.35,70.58,72.63,53529459
FB,15-Oct-14,71.69,73.80,70.32,73.21,61528317
FB,14-Oct-14,74.00,74.18,72.05,73.59,50299288
FB,13-Oct-14,73.23,74.78,72.52,72.99,43937638
FB,10-Oct-14,75.59,76.50,72.76,72.91,52146162
FB,9-Oct-14,77.28,77.76,75.85,75.91,32487174
FB,8-Oct-14,76.18,77.71,75.10,77.52,32975514
FB,7-Oct-14,77.05,77.95,76.24,76.29,25317488
FB,6-Oct-14,77.19,77.89,76.85,77.56,25729191
FB,3-Oct-14,77.76,78.06,77.26,77.44,23340173
FB,2-Oct-14,76.57,77.48,75.64,77.08,36487612
FB,1-Oct-14,78.78,78.82,75.90,76.55,55090157
FB,30-Sep-14,79.35,79.71,78.60,79.04,35899444
FB,29-Sep-14,78.12,79.20,77.91,79.00,34030635
MSFT,25-Sep-15,44.48,44.73,43.76,43.94,29384601
MSFT,24-Sep-15,43.45,44.13,43.27,43.91,27905607
MSFT,23-Sep-15,43.93,44.17,43.51,43.87,17145238
MSFT,22-Sep-15,43.38,44.05,43.31,43.90,28085903
MSFT,21-Sep-15,43.62,44.47,43.60,44.11,26177224
MSFT,18-Sep-15,43.50,43.99,43.33,43.48,63143684
MSFT,17-Sep-15,44.29,45.00,44.08,44.25,32768161
MSFT,16-Sep-15,43.97,44.38,43.84,44.30,23372162
MSFT,15-Sep-15,43.19,44.29,43.08,43.98,28882206
MSFT,14-Sep-15,43.43,43.44,42.86,43.04,23656048
MSFT,11-Sep-15,43.14,43.59,42.94,43.48,27132527
MSFT,10-Sep-15,43.12,43.79,42.74,43.29,31234165
MSFT,9-Sep-15,44.21,44.40,42.91,43.07,33469485
MSFT,8-Sep-15,43.30,44.00,43.20,43.89,32469766
MSFT,4-Sep-15,42.81,43.04,42.20,42.61,37138775
MSFT,3-Sep-15,43.41,43.98,43.28,43.50,28285205
MSFT,2-Sep-15,42.36,43.38,41.88,43.36,37671518
MSFT,1-Sep-15,42.17,42.59,41.66,41.82,49688896
MSFT,31-Aug-15,43.56,43.93,43.10,43.52,34441662
MSFT,28-Aug-15,43.40,44.15,43.39,43.93,28246725
MSFT,27-Aug-15,43.23,43.95,42.92,43.90,50943211
MSFT,26-Aug-15,42.01,42.84,41.06,42.71,63407996
MSFT,25-Aug-15,42.56,43.24,40.39,40.47,70616597
MSFT,24-Aug-15,40.45,43.31,39.72,41.68,88753660
MSFT,21-Aug-15,45.30,45.48,43.07,43.07,70053084
MSFT,20-Aug-15,46.07,46.47,45.66,45.66,36238227
MSFT,19-Aug-15,46.78,47.08,46.30,46.61,31485511
MSFT,18-Aug-15,46.84,47.43,46.70,47.27,23574104
MSFT,17-Aug-15,46.81,47.45,46.57,47.32,21099746
MSFT,14-Aug-15,46.53,47.10,46.52,47.00,21473402
MSFT,13-Aug-15,47.06,47.10,46.49,46.73,22627241
MSFT,12-Aug-15,46.19,46.90,45.70,46.74,30198532
MSFT,11-Aug-15,46.82,46.94,45.90,46.41,29237402
MSFT,10-Aug-15,46.95,47.49,46.84,47.33,23079870
MSFT,7-Aug-15,46.39,46.78,46.26,46.74,19163038
MSFT,6-Aug-15,47.71,47.77,46.33,46.62,27368000
MSFT,5-Aug-15,47.98,48.41,47.54,47.58,26959655
MSFT,4-Aug-15,46.75,47.71,46.68,47.54,33403916
MSFT,3-Aug-15,46.98,47.00,46.45,46.81,24125886
MSFT,31-Jul-15,47.29,47.37,46.50,46.70,31201480
MSFT,30-Jul-15,46.26,47.40,45.93,46.88,39777883
MSFT,29-Jul-15,45.40,46.78,45.26,46.29,40945864
MSFT,28-Jul-15,45.58,45.64,44.79,45.34,34328948
MSFT,27-Jul-15,45.94,46.01,45.25,45.35,39701420
MSFT,24-Jul-15,45.91,46.32,45.80,45.94,32333244
MSFT,23-Jul-15,45.27,46.23,45.10,46.11,33934010
MSFT,22-Jul-15,45.44,46.93,45.20,45.54,59152427
MSFT,21-Jul-15,46.78,47.33,46.48,47.28,42781899
MSFT,20-Jul-15,46.65,47.13,46.44,46.92,30631905
MSFT,17-Jul-15,46.55,46.78,46.26,46.62,29467107
MSFT,16-Jul-15,46.01,46.69,45.96,46.66,26271673
MSFT,15-Jul-15,45.68,45.89,45.43,45.76,26629615
MSFT,14-Jul-15,45.45,45.96,45.31,45.62,22880260
MSFT,13-Jul-15,44.98,45.62,44.95,45.54,28178329
MSFT,10-Jul-15,45.01,45.14,44.57,44.61,25465757
MSFT,9-Jul-15,44.75,45.22,44.50,44.52,32424672
MSFT,8-Jul-15,44.44,44.90,44.03,44.24,39785901
MSFT,7-Jul-15,44.34,44.49,43.32,44.30,36435827
MSFT,6-Jul-15,43.96,44.48,43.95,44.39,23033961
MSFT,2-Jul-15,44.48,44.75,44.06,44.40,21752013
MSFT,1-Jul-15,44.46,45.23,44.10,44.44,28343907
MSFT,30-Jun-15,44.71,44.72,43.94,44.15,35945384
MSFT,29-Jun-15,45.04,45.23,44.36,44.37,34081746
MSFT,26-Jun-15,45.65,46.28,45.03,45.26,49835287
MSFT,25-Jun-15,46.03,46.06,45.50,45.65,20615995
MSFT,24-Jun-15,45.67,46.24,45.55,45.64,34890901
MSFT,23-Jun-15,46.13,46.28,45.62,45.91,25896473
MSFT,22-Jun-15,46.33,46.72,46.16,46.23,20318055
MSFT,19-Jun-15,46.79,46.82,45.99,46.10,63837036
MSFT,18-Jun-15,46.22,46.80,46.17,46.72,32658343
MSFT,17-Jun-15,45.73,46.07,45.36,45.97,28704061
MSFT,16-Jun-15,45.35,46.24,45.30,45.83,27070306
MSFT,15-Jun-15,45.45,45.65,45.02,45.48,33254517
MSFT,12-Jun-15,46.22,46.47,45.90,45.97,23930972
MSFT,11-Jun-15,46.66,46.92,46.13,46.44,27347758
MSFT,10-Jun-15,45.79,46.83,45.69,46.61,28417405
MSFT,9-Jun-15,45.76,45.94,45.46,45.65,24406057
MSFT,8-Jun-15,46.30,46.43,45.67,45.73,22121634
MSFT,5-Jun-15,46.31,46.52,45.84,46.14,25438086
MSFT,4-Jun-15,46.79,47.16,46.20,46.36,27745512
MSFT,3-Jun-15,47.37,47.74,46.82,46.85,28002154
MSFT,2-Jun-15,46.93,47.35,46.62,46.92,21498326
MSFT,1-Jun-15,47.06,47.77,46.62,47.23,28837332
MSFT,29-May-15,47.43,47.57,46.59,46.86,36519594
MSFT,28-May-15,47.50,48.02,47.39,47.45,19283666
MSFT,27-May-15,46.82,47.77,46.62,47.61,27335639
MSFT,26-May-15,46.83,46.88,46.19,46.59,29581860
MSFT,22-May-15,47.30,47.35,46.82,46.90,25720583
MSFT,21-May-15,47.28,47.60,47.00,47.42,22410698
MSFT,20-May-15,47.39,47.93,47.27,47.58,25047919
MSFT,19-May-15,47.56,47.81,47.18,47.58,28574813
MSFT,18-May-15,47.98,48.22,47.61,48.01,24136502
MSFT,15-May-15,48.87,48.90,48.05,48.30,28642694
MSFT,14-May-15,48.03,48.82,48.03,48.72,32980892
MSFT,13-May-15,48.19,48.32,47.57,47.62,34184613
MSFT,12-May-15,46.85,47.68,46.42,47.35,29928264
MSFT,11-May-15,47.55,47.91,47.37,47.37,24609416
MSFT,8-May-15,47.55,47.98,47.52,47.75,35364911
MSFT,7-May-15,46.27,47.08,46.16,46.70,32971654
MSFT,6-May-15,47.57,47.77,46.02,46.28,52433020
MSFT,5-May-15,47.82,48.16,47.31,47.60,50369191
MSFT,4-May-15,48.37,48.87,48.18,48.24,34039485
MSFT,1-May-15,48.58,48.88,48.40,48.66,38937336
MSFT,30-Apr-15,48.70,49.54,48.60,48.64,64725457
MSFT,29-Apr-15,48.72,49.31,48.50,49.06,47804562
MSFT,28-Apr-15,47.78,49.21,47.70,49.16,60730778
MSFT,27-Apr-15,47.23,48.13,47.22,48.03,59248172
MSFT,24-Apr-15,45.66,48.14,45.65,47.87,130933665
MSFT,23-Apr-15,42.89,43.61,42.80,43.34,46309530
MSFT,22-Apr-15,42.67,43.13,42.55,42.98,25064273
MSFT,21-Apr-15,43.00,43.15,42.53,42.64,26013844
MSFT,20-Apr-15,41.73,43.17,41.68,42.90,46057733
MSFT,17-Apr-15,41.67,41.74,41.16,41.62,42387608
MSFT,16-Apr-15,41.95,42.34,41.82,42.16,22509652
MSFT,15-Apr-15,41.76,42.46,41.68,42.26,27343581
MSFT,14-Apr-15,41.80,42.03,41.39,41.65,24244382
MSFT,13-Apr-15,41.40,42.06,41.39,41.76,30276692
MSFT,10-Apr-15,41.63,41.95,41.41,41.72,28022002
MSFT,9-Apr-15,41.25,41.62,41.25,41.48,25723861
MSFT,8-Apr-15,41.46,41.69,41.04,41.42,24753438
MSFT,7-Apr-15,41.61,41.91,41.31,41.53,28809375
MSFT,6-Apr-15,40.34,41.78,40.18,41.54,39223692
MSFT,2-Apr-15,40.66,40.74,40.12,40.29,37487476
MSFT,1-Apr-15,40.60,40.76,40.31,40.72,36865322
MSFT,31-Mar-15,40.78,41.03,40.54,40.66,34887219
MSFT,30-Mar-15,41.10,41.54,40.91,40.96,35049662
MSFT,27-Mar-15,41.12,41.43,40.83,40.97,34401398
MSFT,26-Mar-15,41.22,41.61,40.92,41.21,37495627
MSFT,25-Mar-15,42.92,42.92,41.44,41.46,43469907
MSFT,24-Mar-15,42.78,43.17,42.75,42.90,25513252
MSFT,23-Mar-15,42.88,43.13,42.78,42.86,26246086
MSFT,20-Mar-15,42.56,42.98,42.49,42.88,71904529
MSFT,19-Mar-15,42.26,42.59,42.22,42.28,33879066
MSFT,18-Mar-15,41.43,42.83,41.33,42.50,44194771
MSFT,17-Mar-15,41.37,41.83,41.15,41.70,31673448
MSFT,16-Mar-15,41.47,41.64,41.28,41.56,35273452
MSFT,13-Mar-15,40.70,41.47,40.61,41.38,58007705
MSFT,12-Mar-15,41.33,41.65,40.86,41.02,59992502
MSFT,11-Mar-15,42.31,42.37,41.84,41.98,32215314
MSFT,10-Mar-15,42.35,42.71,42.03,42.03,39159730
MSFT,9-Mar-15,42.19,43.12,42.19,42.85,32107957
MSFT,6-Mar-15,43.00,43.11,42.15,42.36,36248785
MSFT,5-Mar-15,43.07,43.24,42.82,43.11,23193541
MSFT,4-Mar-15,43.01,43.21,42.88,43.06,25748692
MSFT,3-Mar-15,43.56,43.82,43.09,43.28,31748648
MSFT,2-Mar-15,43.67,44.19,43.55,43.88,31924049
MSFT,27-Feb-15,44.13,44.20,43.66,43.85,33807740
MSFT,26-Feb-15,43.99,44.23,43.89,44.06,28957329
MSFT,25-Feb-15,43.95,44.09,43.80,43.99,29759820
MSFT,24-Feb-15,44.15,44.30,43.92,44.09,25271747
MSFT,23-Feb-15,43.70,44.19,43.65,44.15,32518754
MSFT,20-Feb-15,43.51,43.88,43.29,43.86,29721133
MSFT,19-Feb-15,43.18,43.53,43.05,43.50,27603420
MSFT,18-Feb-15,43.63,43.70,43.39,43.53,27111657
MSFT,17-Feb-15,43.97,44.00,43.19,43.58,33695749
MSFT,13-Feb-15,43.38,43.87,43.15,43.87,40264887
MSFT,12-Feb-15,42.66,43.09,42.51,43.09,33268831
MSFT,11-Feb-15,42.65,42.65,42.21,42.38,38262509
MSFT,10-Feb-15,42.74,42.77,42.18,42.60,29670676
MSFT,9-Feb-15,42.24,42.74,42.21,42.36,31381061
MSFT,6-Feb-15,42.68,42.79,42.15,42.41,34616554
MSFT,5-Feb-15,42.22,42.64,41.86,42.45,36548168
MSFT,4-Feb-15,41.94,42.21,41.36,41.84,41614812
MSFT,3-Feb-15,41.63,41.93,41.04,41.60,52082448
MSFT,2-Feb-15,40.59,41.37,40.23,41.28,50352532
MSFT,30-Jan-15,41.55,41.58,40.35,40.40,78004944
MSFT,29-Jan-15,40.93,42.12,40.79,42.01,63585273
MSFT,28-Jan-15,42.74,42.79,41.16,41.19,84507078
MSFT,27-Jan-15,42.95,43.20,42.10,42.66,169163953
MSFT,26-Jan-15,47.00,47.13,46.24,47.01,42525530
MSFT,23-Jan-15,47.36,47.39,46.80,47.18,26211594
MSFT,22-Jan-15,46.38,47.14,46.08,47.13,35898035
MSFT,21-Jan-15,45.94,46.14,45.48,45.92,39081143
MSFT,20-Jan-15,46.30,46.65,45.57,46.39,36161860
MSFT,16-Jan-15,45.31,46.28,45.17,46.24,35695289
MSFT,15-Jan-15,46.22,46.38,45.41,45.48,32750779
MSFT,14-Jan-15,45.96,46.24,45.62,45.96,29719580
MSFT,13-Jan-15,46.97,47.91,46.06,46.36,35270601
MSFT,12-Jan-15,47.42,47.54,46.36,46.60,23651887
MSFT,9-Jan-15,47.61,47.82,46.90,47.19,23944181
MSFT,8-Jan-15,46.75,47.75,46.72,47.59,29645202
MSFT,7-Jan-15,45.98,46.46,45.49,46.23,29114061
MSFT,6-Jan-15,46.38,46.75,45.54,45.65,36447854
MSFT,5-Jan-15,46.37,46.73,46.25,46.32,39673865
MSFT,2-Jan-15,46.66,47.42,46.54,46.76,27913852
MSFT,31-Dec-14,46.73,47.44,46.45,46.45,21552450
MSFT,30-Dec-14,47.44,47.62,46.84,47.02,16384692
MSFT,29-Dec-14,47.70,47.78,47.26,47.45,14439518
MSFT,26-Dec-14,48.41,48.41,47.82,47.88,13197817
MSFT,24-Dec-14,48.64,48.64,48.08,48.14,11442790
MSFT,23-Dec-14,48.37,48.80,48.13,48.45,23656529
MSFT,22-Dec-14,47.78,48.12,47.71,47.98,26565984
MSFT,19-Dec-14,47.63,48.10,47.17,47.66,64551182
MSFT,18-Dec-14,46.58,47.52,46.34,47.52,40105550
MSFT,17-Dec-14,45.05,45.94,44.90,45.74,34970865
MSFT,16-Dec-14,45.90,46.34,45.13,45.16,47801392
MSFT,15-Dec-14,47.20,47.67,46.55,46.67,29247761
MSFT,12-Dec-14,46.78,47.73,46.67,46.95,34248371
MSFT,11-Dec-14,47.08,47.74,46.68,47.17,29061918
MSFT,10-Dec-14,47.58,47.66,46.70,46.90,30431788
MSFT,9-Dec-14,47.11,47.92,47.05,47.59,24330506
MSFT,8-Dec-14,48.26,48.35,47.44,47.70,26663107
MSFT,5-Dec-14,48.82,48.97,48.38,48.42,27313449
MSFT,4-Dec-14,48.39,49.06,48.20,48.84,30345132
MSFT,3-Dec-14,48.44,48.50,47.80,48.08,23534752
MSFT,2-Dec-14,48.84,49.05,48.20,48.46,25773478
MSFT,1-Dec-14,47.88,48.78,47.71,48.62,31191575
MSFT,28-Nov-14,47.95,48.20,47.61,47.81,21534426
MSFT,26-Nov-14,47.49,47.99,47.28,47.75,27164877
MSFT,25-Nov-14,47.66,47.97,47.45,47.47,28007993
MSFT,24-Nov-14,47.99,48.00,47.39,47.59,35434245
MSFT,21-Nov-14,49.02,49.05,47.57,47.98,42884795
MSFT,20-Nov-14,48.00,48.70,47.87,48.70,21510587
MSFT,19-Nov-14,48.66,48.75,47.93,48.22,26177450
MSFT,18-Nov-14,49.13,49.32,48.70,48.74,23996457
MSFT,17-Nov-14,49.41,49.70,49.14,49.46,30318648
MSFT,14-Nov-14,49.74,50.04,49.39,49.58,29081657
MSFT,13-Nov-14,48.81,49.64,48.70,49.61,26210433
MSFT,12-Nov-14,48.56,48.92,48.52,48.78,22722123
MSFT,11-Nov-14,48.85,48.93,48.64,48.87,23445239
MSFT,10-Nov-14,48.65,49.15,48.55,48.89,36370067
MSFT,7-Nov-14,48.92,48.92,48.29,48.68,28000598
MSFT,6-Nov-14,47.86,48.86,47.79,48.70,33037841
MSFT,5-Nov-14,47.80,47.90,47.26,47.86,22449594
MSFT,4-Nov-14,47.30,47.73,47.25,47.57,21530813
MSFT,3-Nov-14,46.89,47.46,46.73,47.44,23130397
MSFT,31-Oct-14,46.94,46.97,46.48,46.95,35849656
MSFT,30-Oct-14,46.32,46.32,45.77,46.05,30073873
MSFT,29-Oct-14,46.44,46.70,46.34,46.62,30283622
MSFT,28-Oct-14,45.86,46.50,45.77,46.49,29049750
MSFT,27-Oct-14,45.71,46.10,45.71,45.91,30371308
MSFT,24-Oct-14,46.83,46.90,45.18,46.13,61081039
MSFT,23-Oct-14,44.62,45.44,44.53,45.02,45451869
MSFT,22-Oct-14,45.00,45.07,44.22,44.38,33579817
MSFT,21-Oct-14,44.36,44.98,44.19,44.88,36433824
MSFT,20-Oct-14,43.06,44.14,42.81,44.08,34530887
MSFT,17-Oct-14,43.20,43.94,42.79,43.63,40683346
MSFT,16-Oct-14,42.53,43.08,42.22,42.74,49040989
MSFT,15-Oct-14,43.00,43.39,42.10,43.22,60220961
MSFT,14-Oct-14,43.87,44.38,43.56,43.73,38120558
MSFT,13-Oct-14,43.82,44.56,43.49,43.65,37100207
MSFT,10-Oct-14,45.60,46.12,43.95,44.03,51978146
MSFT,9-Oct-14,46.50,46.80,45.74,45.85,34426595
MSFT,8-Oct-14,45.48,46.89,45.34,46.78,33030972
MSFT,7-Oct-14,45.86,45.93,45.42,45.53,25724544
MSFT,6-Oct-14,46.12,46.30,45.92,46.09,20603960
MSFT,3-Oct-14,45.98,46.30,45.61,46.09,32453273
MSFT,2-Oct-14,45.83,46.10,45.64,45.76,25119508
MSFT,1-Oct-14,46.27,46.53,45.84,45.90,38088355
MSFT,30-Sep-14,46.37,46.48,46.01,46.36,33033086
MSFT,29-Sep-14,45.98,46.56,45.76,46.44,26090980
LNKD,25-Sep-15,196.57,197.14,192.00,193.89,1144284
LNKD,24-Sep-15,195.83,195.83,189.68,194.08,1608307
LNKD,23-Sep-15,197.65,198.00,195.10,196.85,1013544
LNKD,22-Sep-15,196.50,199.42,194.91,197.32,1604161
LNKD,21-Sep-15,203.32,203.98,197.10,198.58,1770462
LNKD,18-Sep-15,195.00,203.43,194.89,202.98,3329966
LNKD,17-Sep-15,197.02,199.62,195.22,196.96,1371645
LNKD,16-Sep-15,197.12,198.72,194.12,197.65,1182170
LNKD,15-Sep-15,194.36,196.32,192.92,195.45,1070050
LNKD,14-Sep-15,195.77,196.54,192.24,194.26,933386
LNKD,11-Sep-15,192.53,196.52,191.30,195.60,1862194
LNKD,10-Sep-15,186.66,193.24,186.00,193.10,1936321
LNKD,9-Sep-15,184.84,190.96,184.19,186.65,2253635
LNKD,8-Sep-15,183.81,185.90,179.98,183.18,1855814
LNKD,4-Sep-15,177.15,181.24,176.23,180.43,1379417
LNKD,3-Sep-15,179.98,181.20,177.13,179.10,1934285
LNKD,2-Sep-15,177.69,179.83,173.90,179.61,1483708
LNKD,1-Sep-15,176.83,180.81,174.22,175.27,1798159
LNKD,31-Aug-15,184.09,184.76,179.89,180.60,1503106
LNKD,28-Aug-15,181.99,184.68,180.44,183.94,1230041
LNKD,27-Aug-15,181.00,184.76,179.05,182.64,1917910
LNKD,26-Aug-15,174.41,178.96,169.50,178.47,1981568
LNKD,25-Aug-15,178.77,179.79,169.89,169.94,1990988
LNKD,24-Aug-15,166.35,180.42,165.57,172.38,3102401
LNKD,21-Aug-15,176.73,182.95,175.60,179.50,2795769
LNKD,20-Aug-15,187.39,190.23,180.36,180.57,1940998
LNKD,19-Aug-15,185.62,190.00,184.65,188.71,1531697
LNKD,18-Aug-15,187.19,189.25,185.51,186.88,1904842
LNKD,17-Aug-15,189.77,191.39,187.61,190.66,768430
LNKD,14-Aug-15,189.00,191.34,188.01,189.59,1200158
LNKD,13-Aug-15,189.38,191.83,187.37,188.82,1617165
LNKD,12-Aug-15,187.98,189.97,184.20,188.90,1819988
LNKD,11-Aug-15,190.43,192.34,187.06,190.02,1433255
LNKD,10-Aug-15,191.79,192.53,188.92,190.22,1318047
LNKD,7-Aug-15,189.02,191.33,188.12,190.03,1678918
LNKD,6-Aug-15,192.70,194.67,187.85,189.51,2381412
LNKD,5-Aug-15,195.98,196.90,191.62,192.70,2590092
LNKD,4-Aug-15,197.18,199.00,194.15,194.76,2709224
LNKD,3-Aug-15,200.50,203.26,195.73,197.10,4541465
LNKD,31-Jul-15,207.81,209.90,200.73,203.26,10299792
LNKD,30-Jul-15,230.00,230.38,220.33,227.15,7376637
LNKD,29-Jul-15,226.08,232.03,223.58,232.00,2020062
LNKD,28-Jul-15,223.65,229.16,220.96,228.50,1682930
LNKD,27-Jul-15,222.46,222.46,215.76,220.66,1798274
LNKD,24-Jul-15,227.57,228.89,223.54,225.06,1143088
LNKD,23-Jul-15,226.51,228.97,223.56,224.10,1128162
LNKD,22-Jul-15,229.72,230.00,222.77,224.80,1581740
LNKD,21-Jul-15,230.28,233.18,228.00,231.05,1345875
LNKD,20-Jul-15,226.54,232.50,226.20,230.56,2225072
LNKD,17-Jul-15,225.12,228.75,223.67,224.95,2466989
LNKD,16-Jul-15,220.25,221.68,218.74,219.27,1204582
LNKD,15-Jul-15,218.21,223.05,216.86,218.54,2360855
LNKD,14-Jul-15,212.83,214.48,212.59,213.88,834023
LNKD,13-Jul-15,211.52,213.87,210.50,213.33,996382
LNKD,10-Jul-15,211.61,212.24,208.63,209.95,997208
LNKD,9-Jul-15,207.47,210.37,207.44,207.56,899481
LNKD,8-Jul-15,209.23,209.75,204.78,205.37,1106321
LNKD,7-Jul-15,208.68,212.44,203.61,210.98,2048327
LNKD,6-Jul-15,205.38,209.85,205.14,209.45,1399967
LNKD,2-Jul-15,208.00,208.75,207.06,207.76,790939
LNKD,1-Jul-15,208.87,209.26,206.34,207.96,1313917
LNKD,30-Jun-15,205.50,209.09,204.98,206.63,1600077
LNKD,29-Jun-15,210.00,211.04,202.75,203.55,2691481
LNKD,26-Jun-15,217.56,217.97,215.24,215.93,874653
LNKD,25-Jun-15,215.73,218.00,215.55,217.89,777618
LNKD,24-Jun-15,216.75,218.22,215.26,215.70,793688
LNKD,23-Jun-15,217.11,218.27,216.22,217.31,827061
LNKD,22-Jun-15,217.28,218.11,215.09,217.15,793523
LNKD,19-Jun-15,218.47,218.47,215.50,216.78,1309174
LNKD,18-Jun-15,216.63,219.70,216.51,217.75,1212436
LNKD,17-Jun-15,217.98,218.63,214.02,215.91,1160041
LNKD,16-Jun-15,215.53,217.80,215.21,217.29,979955
LNKD,15-Jun-15,215.27,217.11,213.54,215.75,989981
LNKD,12-Jun-15,217.32,217.96,214.83,215.72,941757
LNKD,11-Jun-15,216.96,218.28,216.36,217.95,1093158
LNKD,10-Jun-15,216.83,218.62,215.94,216.70,1772391
LNKD,9-Jun-15,212.71,219.64,211.66,216.83,2490211
LNKD,8-Jun-15,214.50,215.49,211.37,212.04,1706628
LNKD,5-Jun-15,215.00,216.93,212.17,213.80,1812636
LNKD,4-Jun-15,214.51,217.21,211.33,212.83,2685468
LNKD,3-Jun-15,211.24,215.46,210.32,213.25,4291187
LNKD,2-Jun-15,200.08,207.43,199.00,204.81,3258974
LNKD,1-Jun-15,196.13,202.91,194.93,200.77,2792190
LNKD,29-May-15,195.25,197.15,194.63,194.93,1569023
LNKD,28-May-15,198.10,198.69,196.02,196.23,1333387
LNKD,27-May-15,195.00,198.00,194.12,197.99,1326645
LNKD,26-May-15,195.98,196.91,194.50,195.79,1419490
LNKD,22-May-15,197.33,197.87,195.01,196.23,1412770
LNKD,21-May-15,194.39,197.06,193.26,197.04,2230762
LNKD,20-May-15,194.87,195.00,191.64,193.80,1500610
LNKD,19-May-15,197.26,197.30,193.03,194.22,2485880
LNKD,18-May-15,191.50,199.00,191.00,198.38,3805944
LNKD,15-May-15,195.02,195.94,193.20,195.66,1521327
LNKD,14-May-15,198.20,198.20,192.75,194.49,3744970
LNKD,13-May-15,200.53,200.68,195.26,196.87,2086747
LNKD,12-May-15,200.00,200.87,198.00,200.24,1356219
LNKD,11-May-15,199.00,202.65,197.33,200.26,2081766
LNKD,8-May-15,202.94,204.29,197.88,198.72,2970069
LNKD,7-May-15,199.82,202.94,199.01,201.41,2089145
LNKD,6-May-15,200.00,200.64,196.11,200.22,3092388
LNKD,5-May-15,203.29,203.42,198.64,199.83,4150159
LNKD,4-May-15,208.40,209.25,200.36,203.42,5839657
LNKD,1-May-15,206.86,209.50,198.40,205.21,16842432
LNKD,30-Apr-15,256.40,256.78,250.16,252.13,6162882
LNKD,29-Apr-15,256.03,259.14,255.25,257.15,1096686
LNKD,28-Apr-15,261.14,262.52,255.52,257.34,1552730
LNKD,27-Apr-15,262.76,264.70,259.50,260.29,1055867
LNKD,24-Apr-15,258.32,262.76,257.24,260.95,1318766
LNKD,23-Apr-15,258.46,260.13,256.06,256.24,851266
LNKD,22-Apr-15,259.07,260.87,257.09,259.35,880562
LNKD,21-Apr-15,260.64,262.38,257.91,258.42,1136257
LNKD,20-Apr-15,255.40,265.56,253.80,258.52,2122033
LNKD,17-Apr-15,256.25,257.06,252.28,253.75,1118173
LNKD,16-Apr-15,257.01,259.53,256.48,257.07,838054
LNKD,15-Apr-15,258.98,259.99,256.47,257.19,904213
LNKD,14-Apr-15,262.03,264.58,256.29,257.50,1509746
LNKD,13-Apr-15,264.00,266.53,261.63,263.16,1455692
LNKD,10-Apr-15,260.50,265.46,260.02,265.35,2305904
LNKD,9-Apr-15,251.02,256.50,247.65,256.14,1481160
LNKD,8-Apr-15,250.56,255.84,250.32,252.26,1061134
LNKD,7-Apr-15,248.51,253.53,248.51,249.81,936866
LNKD,6-Apr-15,246.01,251.68,245.35,249.31,821621
LNKD,2-Apr-15,249.71,250.28,246.88,248.82,651612
LNKD,1-Apr-15,249.92,251.05,246.23,248.32,1114247
LNKD,31-Mar-15,254.46,255.37,249.86,249.86,1105231
LNKD,30-Mar-15,257.90,258.98,252.81,255.19,791931
LNKD,27-Mar-15,256.00,258.05,253.81,256.71,577538
LNKD,26-Mar-15,254.09,256.70,252.33,255.79,849093
LNKD,25-Mar-15,264.18,264.61,255.04,256.05,1175170
LNKD,24-Mar-15,262.93,267.28,261.88,264.16,1110627
LNKD,23-Mar-15,264.25,264.87,260.75,261.84,664854
LNKD,20-Mar-15,262.50,265.10,261.01,264.25,1198215
LNKD,19-Mar-15,259.90,263.00,258.11,260.58,750932
LNKD,18-Mar-15,258.52,260.46,255.45,260.15,1594567
LNKD,17-Mar-15,254.99,260.00,254.01,258.71,1337190
LNKD,16-Mar-15,259.80,260.60,256.00,260.17,1067582
LNKD,13-Mar-15,263.63,263.88,258.00,259.12,1700504
LNKD,12-Mar-15,265.70,268.20,265.04,266.42,944113
LNKD,11-Mar-15,265.14,268.79,263.40,264.95,1211288
LNKD,10-Mar-15,264.85,266.71,262.00,265.00,1178705
LNKD,9-Mar-15,264.45,267.83,263.80,267.21,827127
LNKD,6-Mar-15,268.03,271.95,263.78,264.63,1595936
LNKD,5-Mar-15,265.25,268.98,265.25,268.34,1115621
LNKD,4-Mar-15,264.95,266.00,260.62,265.23,1240877
LNKD,3-Mar-15,268.67,272.55,263.79,265.54,1196439
LNKD,2-Mar-15,267.45,269.87,264.77,269.42,894309
LNKD,27-Feb-15,269.94,271.90,266.91,267.20,985208
LNKD,26-Feb-15,272.31,276.18,270.10,270.76,2256384
LNKD,25-Feb-15,264.39,271.43,263.90,269.00,1266377
LNKD,24-Feb-15,265.11,266.37,262.55,264.26,850186
LNKD,23-Feb-15,267.00,271.07,263.31,264.21,1165313
LNKD,20-Feb-15,265.57,268.80,264.68,267.63,953299
LNKD,19-Feb-15,265.08,268.32,264.21,266.34,974052
LNKD,18-Feb-15,261.30,267.80,260.06,266.91,1850978
LNKD,17-Feb-15,269.63,272.94,265.25,265.75,1416628
LNKD,13-Feb-15,266.79,269.75,264.52,269.00,1992840
LNKD,12-Feb-15,268.94,271.44,265.69,267.17,1871627
LNKD,11-Feb-15,268.98,272.00,267.11,267.92,2159902
LNKD,10-Feb-15,268.97,274.19,268.50,269.75,2645784
LNKD,9-Feb-15,262.75,269.83,262.01,267.43,3039390
LNKD,6-Feb-15,262.95,272.96,261.00,263.40,6920181
LNKD,5-Feb-15,234.21,238.20,231.08,237.97,3951653
LNKD,4-Feb-15,232.50,234.00,228.29,232.03,1714937
LNKD,3-Feb-15,230.72,235.50,228.00,232.76,2394409
LNKD,2-Feb-15,225.55,226.44,219.16,224.57,1111183
LNKD,30-Jan-15,222.15,228.32,222.15,224.74,1313810
LNKD,29-Jan-15,219.89,223.67,215.73,223.04,799425
LNKD,28-Jan-15,225.63,225.63,218.89,220.46,939484
LNKD,27-Jan-15,222.06,224.53,219.59,222.62,898014
LNKD,26-Jan-15,232.21,232.35,224.58,226.36,1859946
LNKD,23-Jan-15,229.49,235.37,227.10,232.22,1915975
LNKD,22-Jan-15,220.36,226.00,217.14,224.94,1419139
LNKD,21-Jan-15,213.39,219.58,210.31,219.20,1193960
LNKD,20-Jan-15,215.22,215.90,210.09,213.06,1020403
LNKD,16-Jan-15,213.12,217.59,209.60,214.18,1109002
LNKD,15-Jan-15,220.00,221.55,212.83,213.21,1370651
LNKD,14-Jan-15,220.00,224.71,218.02,219.43,1366306
LNKD,13-Jan-15,226.10,228.39,221.37,223.00,1583644
LNKD,12-Jan-15,226.61,229.01,221.71,223.13,1654565
LNKD,9-Jan-15,227.80,230.15,224.09,227.13,1517046
LNKD,8-Jan-15,223.59,228.72,220.77,227.05,1293955
LNKD,7-Jan-15,220.99,223.43,217.37,222.16,985016
LNKD,6-Jan-15,227.62,228.78,214.52,219.51,2006546
LNKD,5-Jan-15,227.99,232.20,225.56,227.51,1400562
LNKD,2-Jan-15,230.74,231.39,224.26,229.65,1203743
LNKD,31-Dec-14,233.09,233.70,229.11,229.71,599819
LNKD,30-Dec-14,232.37,234.16,230.26,232.67,533978
LNKD,29-Dec-14,235.30,237.19,232.41,233.34,714943
LNKD,26-Dec-14,232.27,237.04,231.53,235.25,794951
LNKD,24-Dec-14,231.24,234.73,230.21,231.83,478626
LNKD,23-Dec-14,235.19,238.19,230.88,231.49,1278463
LNKD,22-Dec-14,234.71,235.25,231.01,233.00,1403340
LNKD,19-Dec-14,232.81,243.25,231.32,234.61,3318527
LNKD,18-Dec-14,224.05,232.30,223.56,231.84,2370353
LNKD,17-Dec-14,216.53,220.60,215.10,219.78,1145334
LNKD,16-Dec-14,215.83,221.63,214.94,215.57,1423983
LNKD,15-Dec-14,221.71,223.17,217.87,218.02,1072393
LNKD,12-Dec-14,214.97,221.86,214.27,219.90,1280101
LNKD,11-Dec-14,215.19,220.75,214.20,217.36,1154815
LNKD,10-Dec-14,215.38,218.41,214.03,215.07,1300804
LNKD,9-Dec-14,207.04,215.68,205.00,215.47,1173967
LNKD,8-Dec-14,216.90,218.43,209.50,211.94,1911279
LNKD,5-Dec-14,218.26,219.03,216.02,218.08,1186035
LNKD,4-Dec-14,216.23,219.99,216.08,218.83,775489
LNKD,3-Dec-14,216.87,218.80,213.25,217.74,1200909
LNKD,2-Dec-14,217.88,218.50,213.71,215.02,1296314
LNKD,1-Dec-14,225.81,225.88,216.07,216.81,1577237
LNKD,28-Nov-14,225.72,227.90,224.00,226.27,493171
LNKD,26-Nov-14,223.76,226.74,222.59,226.34,969617
LNKD,25-Nov-14,221.56,224.86,221.17,224.35,1017857
LNKD,24-Nov-14,219.20,222.00,215.52,221.76,1159450
LNKD,21-Nov-14,222.90,224.50,218.00,219.09,1052289
LNKD,20-Nov-14,218.50,222.26,217.11,220.30,798952
LNKD,19-Nov-14,220.10,222.10,216.38,219.61,1289021
LNKD,18-Nov-14,219.28,225.50,219.00,221.07,1973239
LNKD,17-Nov-14,229.44,230.69,219.44,223.28,2756876
LNKD,14-Nov-14,230.06,234.83,229.72,233.89,1395613
LNKD,13-Nov-14,231.90,234.79,228.51,229.77,1366487
LNKD,12-Nov-14,230.88,231.44,228.20,231.13,1024532
LNKD,11-Nov-14,229.21,231.46,226.12,231.00,1051059
LNKD,10-Nov-14,221.75,230.28,221.66,229.25,1482354
LNKD,7-Nov-14,224.65,226.42,222.18,223.04,1363371
LNKD,6-Nov-14,221.84,226.98,221.25,224.65,3299620
LNKD,5-Nov-14,235.96,236.68,218.18,218.18,3769496
LNKD,4-Nov-14,232.49,238.77,231.87,238.43,2463291
LNKD,3-Nov-14,228.21,236.15,226.44,233.08,2941162
LNKD,31-Oct-14,224.24,232.23,222.73,228.96,6947123
LNKD,30-Oct-14,198.46,203.74,195.50,202.90,4365384
LNKD,29-Oct-14,202.99,202.99,197.12,199.51,1742975
LNKD,28-Oct-14,199.12,205.80,198.63,205.35,1296890
LNKD,27-Oct-14,202.31,202.31,198.50,199.99,957070
LNKD,24-Oct-14,201.50,203.49,199.20,202.10,873209
LNKD,23-Oct-14,202.98,204.78,199.55,202.62,1062406
LNKD,22-Oct-14,206.40,206.40,198.28,198.52,1446918
LNKD,21-Oct-14,201.00,206.89,200.00,205.38,1527929
LNKD,20-Oct-14,195.70,199.50,193.22,198.44,1033456
LNKD,17-Oct-14,201.66,201.66,195.50,195.96,1417097
LNKD,16-Oct-14,188.69,202.48,187.61,198.39,2032867
LNKD,15-Oct-14,192.00,200.85,191.45,199.62,1539120
LNKD,14-Oct-14,195.01,199.64,193.21,196.02,1034513
LNKD,13-Oct-14,195.06,199.24,189.20,193.13,1843351
LNKD,10-Oct-14,200.67,205.22,194.13,194.23,2403315
LNKD,9-Oct-14,206.84,206.98,200.65,201.99,1684133
LNKD,8-Oct-14,204.35,207.08,192.19,207.07,2070863
LNKD,7-Oct-14,207.84,208.77,204.03,204.39,1204452
LNKD,6-Oct-14,211.89,213.63,207.72,208.22,1191485
LNKD,3-Oct-14,210.09,213.40,207.74,210.87,1458780
LNKD,2-Oct-14,203.40,208.39,200.80,207.00,1527950
LNKD,1-Oct-14,207.42,208.20,201.00,203.08,1877416
LNKD,30-Sep-14,210.26,211.96,205.55,207.79,1269713
LNKD,29-Sep-14,211.03,213.49,209.11,210.38,983022
